MOTIF_INDEX	MOTIF_SOURCE	MOTIF_ID	ALT_ID	CONSENSUS	WIDTH	SITES	E-VALUE	E-VALUE_SOURCE	MOST_SIMILAR_MOTIF_SOURCE	MOST_SIMILAR_MOTIF	URL
1	MEME	RVRGCAGSTGB	MEME-1	RVRGCAGSTGB	11	3110	4.4e-942	MEME	 	 	 
2	MEME	CASCTGCY	MEME-2	CASCTGCY	8	1702	1.2e-218	MEME	 	 	 
3	STREME	1-VNRGCAGCTGCYNB	STREME-1	VNRGCAGCTGCYNB	14	2334	9.0e-020	STREME	 	 	 
4	STREME	2-GCAGVTGKG	STREME-2	GCAGVTGKG	9	658	3.0e-004	STREME	 	 	 
5	STREME	3-CCTCCCACA	STREME-3	CCTCCCACA	9	133	5.2e-004	STREME	 	 	 
6	STREME	4-AACAAWGGVM	STREME-4	AACAAWGGVM	10	305	3.5e-002	STREME	 	 	 
7	MEME	CCCCTCCCCCA	MEME-3	CCCCTCCCCCA	11	104	3.7e-002	MEME	 	 	 

# MEME-ChIP (Motif Analysis of Large Nucleotide Datasets): Version 5.5.1 released on Sun Jan 29 10:33:12 2023 -0800
# The format of this file is described at http://localhost:8080/meme_5.5.1//doc/meme-chip-output-format.html
# meme-chip Ascl1_pooled_peaks.fa
